<?xml version="1.0"?>
<DesignInformation xmlns:xsd="http://www.w3.org/2001/XMLSchema" xmlns:xsi="http://www.w3.org/2001/XMLSchema-instance">
  <ApplicationStartupPath>C:\Program Files\T-Soles Insoles System\T-Soles</ApplicationStartupPath>
  <DesignTitle>Julie Miavez</DesignTitle>
  <InsoleSize>Women_8</InsoleSize>
  <InsoleType>Normal</InsoleType>
  <Date>2024Oct18</Date>
  <Time>10:06:49</Time>
  <UID>_001493</UID>
  <ProjectType>Insole</ProjectType>
  <Parameters>
    <InternalStructure>
      <RegionType>Quad</RegionType>
      <ApplyRegionalDensity>true</ApplyRegionalDensity>
      <HeelDensity>Soft</HeelDensity>
    </InternalStructure>
    <RightShoeStatus>NotDetected</RightShoeStatus>
    <LeftShoeStatus>NotDetected</LeftShoeStatus>
    <DatasetShiftAmount>0</DatasetShiftAmount>
    <PreRegistratinLastOrigin />
    <Clean_BackgroundLevel>0</Clean_BackgroundLevel>
  </Parameters>
  <LastStep>8</LastStep>
  <LastSubStep>1</LastSubStep>
  <Completed>false</Completed>
  <FootCount>2</FootCount>
  <BoneSegmentCount>28</BoneSegmentCount>
  <High>false</High>
  <Spacing />
  <TotalRunTime>00:00:00</TotalRunTime>
  <EditAdditionTime>00:21:42</EditAdditionTime>
  <EditSurfaceTime>00:00:00</EditSurfaceTime>
  <PressureViewTime>00:02:58</PressureViewTime>
  <ImageScaled>false</ImageScaled>
  <ScaleFactor>2</ScaleFactor>
  <CleanRawSignalUpdated>false</CleanRawSignalUpdated>
  <SegmentationUpdated>false</SegmentationUpdated>
  <ShoeDataUpdated>false</ShoeDataUpdated>
  <InsoleUpdated>false</InsoleUpdated>
  <InternalUpdated>true</InternalUpdated>
  <Measurements />
  <Diagnosis />
  <Warnings />
  <InsoleQuality />
  <HeightQuality />
  <ProfileQuality />
  <LoadSourceImage>true</LoadSourceImage>
  <LoadCleanFromFile>false</LoadCleanFromFile>
  <Database_FolderName>Design_Untitled Insole_20241018100649799</Database_FolderName>
  <FullPath>C:\Program Files\T-Soles Insoles System\T-Soles/Database\Patient Files\Design_Julie Miavez_20241018100649799</FullPath>
  <InsoleHighLevelParams>
    <USSize>
      <right>Men_6</right>
      <left>Men_6</left>
      <Right>Men_6</Right>
      <Left>Men_6</Left>
    </USSize>
    <ProfileCurve>
      <right>Generic</right>
      <left>Generic</left>
      <Right>Generic</Right>
      <Left>Generic</Left>
    </ProfileCurve>
    <Length>
      <right>266</right>
      <left>266</left>
      <Right>266</Right>
      <Left>266</Left>
    </Length>
    <Width>
      <right>87</right>
      <left>87</left>
      <Right>87</Right>
      <Left>87</Left>
    </Width>
    <Thickness>
      <right>2.5</right>
      <left>2.5</left>
      <Right>2.5</Right>
      <Left>2.5</Left>
    </Thickness>
    <HeelFill>
      <right>50</right>
      <left>50</left>
      <Right>50</Right>
      <Left>50</Left>
    </HeelFill>
    <ArchFill>
      <right>10</right>
      <left>10</left>
      <Right>10</Right>
      <Left>10</Left>
    </ArchFill>
    <BottomSmoothness>
      <right>50</right>
      <left>50</left>
      <Right>50</Right>
      <Left>50</Left>
    </BottomSmoothness>
    <HeelHeight>
      <right>2</right>
      <left>2</left>
      <Right>2</Right>
      <Left>2</Left>
    </HeelHeight>
    <HeelDepth>
      <right>22</right>
      <left>22</left>
      <Right>22</Right>
      <Left>22</Left>
    </HeelDepth>
    <HeelTilt>
      <right>0</right>
      <left>0</left>
      <Right>0</Right>
      <Left>0</Left>
    </HeelTilt>
    <HeelWedgeType>
      <right>Lateral</right>
      <left>Lateral</left>
      <Right>Lateral</Right>
      <Left>Lateral</Left>
    </HeelWedgeType>
    <HeelMedialWedge>
      <right>3</right>
      <left>3</left>
      <Right>3</Right>
      <Left>3</Left>
    </HeelMedialWedge>
    <HeelLateralWedge>
      <right>0</right>
      <left>0</left>
      <Right>0</Right>
      <Left>0</Left>
    </HeelLateralWedge>
    <HeelFlatness>
      <right>6</right>
      <left>6</left>
      <Right>6</Right>
      <Left>6</Left>
    </HeelFlatness>
    <ArchMedialHeight>
      <right>20</right>
      <left>20</left>
      <Right>20</Right>
      <Left>20</Left>
    </ArchMedialHeight>
    <ArchLateralHeight>
      <right>10</right>
      <left>10</left>
      <Right>10</Right>
      <Left>10</Left>
    </ArchLateralHeight>
    <ArchCenterHeight>
      <right>6</right>
      <left>6</left>
      <Right>6</Right>
      <Left>6</Left>
    </ArchCenterHeight>
    <ForeFootWedgeType>
      <right>Free</right>
      <left>Free</left>
      <Right>Free</Right>
      <Left>Free</Left>
    </ForeFootWedgeType>
    <ForeFootMedialWedge>
      <right>0</right>
      <left>0</left>
      <Right>0</Right>
      <Left>0</Left>
    </ForeFootMedialWedge>
    <ForeFootLateralWedge>
      <right>0</right>
      <left>0</left>
      <Right>0</Right>
      <Left>0</Left>
    </ForeFootLateralWedge>
    <HeelInsideAngle>
      <right>0</right>
      <left>0</left>
      <Right>0</Right>
      <Left>0</Left>
    </HeelInsideAngle>
  </InsoleHighLevelParams>
</DesignInformation>