<?xml version="1.0"?>
<InternalRegion xmlns:xsd="http://www.w3.org/2001/XMLSchema" xmlns:xsi="http://www.w3.org/2001/XMLSchema-instance">
  <regionType>Quad</regionType>
  <ControllersPoints>
    <Point3D>
      <X>127.38612691353762</X>
      <Y>-189.78988766114153</Y>
      <Z>0</Z>
    </Point3D>
    <Point3D>
      <X>126.15920983585291</X>
      <Y>-95.446385401830952</Y>
      <Z>0</Z>
    </Point3D>
    <Point3D>
      <X>124.93229275816819</X>
      <Y>-1.1028831425203616</Y>
      <Z>0</Z>
    </Point3D>
    <Point3D>
      <X>123.66819637509909</X>
      <Y>96.099513124648112</Y>
      <Z>0</Z>
    </Point3D>
    <Point3D>
      <X>72.423521916263027</X>
      <Y>-96.145206535357147</Y>
      <Z>0</Z>
    </Point3D>
    <Point3D>
      <X>71.19660483857831</X>
      <Y>-1.8017042760465414</Y>
      <Z>0</Z>
    </Point3D>
    <Point3D>
      <X>19.914751074357863</X>
      <Y>-191.1875299281939</Y>
      <Z>0</Z>
    </Point3D>
    <Point3D>
      <X>18.687833996673145</X>
      <Y>-96.844027668883328</Y>
      <Z>0</Z>
    </Point3D>
    <Point3D>
      <X>17.460916918988428</X>
      <Y>-2.5005254095727216</Y>
      <Z>0</Z>
    </Point3D>
    <Point3D>
      <X>16.196820535919326</X>
      <Y>94.701870857595736</Y>
      <Z>0</Z>
    </Point3D>
  </ControllersPoints>
  <RotationOrigin>
    <X>72.2903156264754</X>
    <Y>-47.615975169043679</Y>
    <Z>17.119869905940476</Z>
  </RotationOrigin>
  <RotationAngle>-0.013004053147181782</RotationAngle>
  <MaxZ>42.76064921324857</MaxZ>
  <MinZ>-10</MinZ>
</InternalRegion>