<?xml version="1.0"?>
<InternalRegion xmlns:xsd="http://www.w3.org/2001/XMLSchema" xmlns:xsi="http://www.w3.org/2001/XMLSchema-instance">
  <regionType>Quad</regionType>
  <ControllersPoints>
    <Point3D>
      <X>-127.67598798987184</X>
      <Y>-189.67233366391886</Y>
      <Z>0</Z>
    </Point3D>
    <Point3D>
      <X>-126.43719245135446</X>
      <Y>-95.325689361126422</Y>
      <Z>0</Z>
    </Point3D>
    <Point3D>
      <X>-125.19839691283707</X>
      <Y>-0.97904505833400368</Y>
      <Z>0</Z>
    </Point3D>
    <Point3D>
      <X>-123.92206211557671</X>
      <Y>96.226588465755128</Y>
      <Z>0</Z>
    </Point3D>
    <Point3D>
      <X>-72.657573890900679</X>
      <Y>-96.031829489672432</Y>
      <Z>0</Z>
    </Point3D>
    <Point3D>
      <X>-71.418778352383285</X>
      <Y>-1.6851851868799999</Y>
      <Z>0</Z>
    </Point3D>
    <Point3D>
      <X>-20.116750868964314</X>
      <Y>-191.08461392101086</Y>
      <Z>0</Z>
    </Point3D>
    <Point3D>
      <X>-18.877955330446923</X>
      <Y>-96.737969618218429</Y>
      <Z>0</Z>
    </Point3D>
    <Point3D>
      <X>-17.639159791929526</X>
      <Y>-2.3913253154259952</Y>
      <Z>0</Z>
    </Point3D>
    <Point3D>
      <X>-16.362824994669189</X>
      <Y>94.814308208663149</Y>
      <Z>0</Z>
    </Point3D>
  </ControllersPoints>
  <RotationOrigin>
    <X>-72.525111895645807</X>
    <Y>-47.49708232830281</Y>
    <Z>13.816679444102213</Z>
  </RotationOrigin>
  <RotationAngle>0.013129500938741767</RotationAngle>
  <MaxZ>36.338082124893333</MaxZ>
  <MinZ>-10</MinZ>
</InternalRegion>